brand,['reebok']
us shoe size  men,['12']
modified item,['no']
style,['men']
color,['us black steel gum']
country region of manufacture,['china']
material,['synthetic']
width,"['medium  d', '']"
us size,['9']
type,['low top']
type 2,['skateboarding']
pattern,['adidas primeknit']
upc,['883610447492']
euro size,['46 2 3']
features,['cleats']
style number,['s75973']
product line,"['adidas basketball', 'adidas bounce']"
shade,['oil grey   black']
model,['cm9682']
mpn,['cm9682 us  7 child us toddler']
idset mpn,['917803 40']
uk size,['5.5']
gender,['men']
shoe height,['mid top']
manufacturer,['new balance']
size type,['regular']
sole,['rubber']
lining,['textile']
sub style,['trail running']
retail value,['198  235']
cm size,['28']
product type,['mens running shoes']
shoe type,['mid top']
colour,['black']
year,['2013']
upper material,['synthetic']
closure,['lace up']
manufacturer color,['grey   metallic silver   white']
model number,['rb416']
personalized,['no']
customized,['no']
insole type,['black suede   red stripe']
purpose,['universal']
season,['spring summer 2015']
user type,['men']
shank material,['fabric']
sole material,['not specified']
size  men,['s']
sleeve length,['n a']
theme,['5 nights at  freddy s']
country of manufacture,['china']
category,['water shoes']
bottoms size  men,['14us']
bottoms size  women,['44']
size  women,['8.5 9 women 7.5 8 men']
size,['little kid']
o category,['tlb tactical boots']
modification description,['none']
us shoe size  women,['6.5']
jacket size,['does not apply']
waist size,['does not apply']
ftg number,['fg 4658 44624']
fastening,['lace up']
more features,"['trail specific outsole', ' ahar outsole rubber in high wear areas']"
nick name,['af1']
us shoe size  youth,['6.5']
authenticity,['100  authentic guaranteed']
us shoe size  baby   toddler,['us 2c   10c']
release year,['2013']
cm,['29']
ean,['0602773764082']
uk shoe size  men,['9.5']
sport,['football']
material type,['synthetic']
main color,['silver']
outsole,['rubber']
style name,['glycerin 11']
womens,['size 10']
style code,['378037 117']
partnumber,['m860bk9']
publisher,['new balance']
binding,['apparel']
label,['new balance']
numberofitems,['1']
department,['womens']
isbn,['not applicable']
productgroup,['shoes']
nickname,['godzilla godzillas phoenix suns']
loc no,['ma305']
feature,['breathable']
occasion,['athletic']
shaft height,['mid top']
athletic style,['court']
age group,['adult']
product code,['233334 a9la0 1061']
custom bundle,['no']
product id,['364629 03']
exact colour,['multicoloured']
shoe size,['6.5']
color code,['847588 012']
quantity,['1 pair per pack']
stylenumber,['704830 303']
main colour,['black']
manufacturer colour,['grey']
item model number,['b22703 12']
item length,['4.0']
product dimensions,['15105 inches']
item width,['7.0']
handling time,['1 3 business days  usually same day ']
accents,['metallic']
heel height,"['ifblank lookup  ebay heel height ', ' heelheight ', '   ']"
california prop 65 warning,['no']
msrp,['179.00']
weight,['2 lb 41.00 oz']
japan size,['29.0cm']
uk,['9.5']
country,['japan']
hosiery size,['44']
sock size,['44']
medical,['diabetes therapeutic']
brand  item specific,['adidas']
activity,['running']
womens size,['8']
bin,['g6r31']
length,['ankle']
country  region of manufacture,['vietnam']
character,['jp the money bear']
article type,['low boot']
upper,['knit leather']
outer sole,['rubber']
mid sole,"['tpu shank', ' eva', ' softfoam footbed']"
designer size,['43']
package dimensions,['12.27.54.8 inches']
shoe category,['menshoes']
featured refinements,['flat   fitted sheets']
ct,['l72 ']
marke,['does not apply']
style no,['jd1063s2']
professional athlete,['charles barkley']
product name,['nike air force 180 olympic']
collections,['phantom vsn']
producent code,['topw.301.ps']
sex,['man']
clasp,['laced']
mark,['nike']
insert material,['fabric']
external material,['synthetic']
corks,['choose  ']
uk shoe size  women,['uk 5.5']
eur shoe size  women,['eur 38.5']
footwear type,['lightweight   racers']
team,['michigan wolverines']
color 2,['pink']
use,['easy to use']
delivery,['expedited fast']
money back,['30 days']
origin,['usa']
eu shoe size,['6   39']
model name,['001']
style id,['508214 660']
colorname,['hypr orange mtlc gld str blk inf']
look,['street style']
dimensions,['l 11.4w 7.4h 4.6 inches']
clothingsize,['10us']
inv,['j1000']
sku,['5863b']
range,['all star']
adidas range,['originals']
ftg numbers,['de 4144 00000']
age,['modern  2000 present ']
sub type,['furniture']
womensize,['11']
terrain,['road']
shoe style,['trainers running']
colors,['golden beige']
merchant category,['brands our brands merrell']
material 2,['18 10']
product,['ua charged bandit']
player,['dikembe mutombo']
non domestic product,['no']
ethnicity,['all']
features   fastening,['lace up']
manufacturer product id,['396880 007']
inventory,['jbx7']
store use only,['a2 2 cf fs stock xy']
us size  women,['7']
s n,['54275']
suitable for,['under bumper cover']
customised,['no']
7,['cuffs measure 16  around']
10,['30']
model no.,['ps spo3311068011 doris01094']
heel type,['block']
featured graphics,['floral embroidery']
youth size,['7']
material composition,['no material tag']
heel style,['court']
color shade,['wolf grey white']
full colorway,['white peacoat  blue  vintage red']
retro 1,['couture']
black   gym red   muslin,['noir   mousseline   rouge gym']
bq6682 006,['defiant']
us womenshoe size,['us 9']
vapormax,['bq7038 001']
comfort,['cushioned ortholite insole']
size cms,['31']
shoe size cms,['26']
us shoe size,['9']
shoe size us,['11']
japan,['korea']
velcro strap,['yes']
size us,['13']
character family,['disney star wars']
all sales are final exchange only,['sales tax will apply  mz501jmb']
extra,['rhinestones bling sparkle  pockets']
uk shoe size,['11.5']
size cm,['26.5']
packaging,['1xbedsheet 2xpillow cover']
recommended age range,['6   up']
era,['mid 20th century']
1,['5']
us womensize,['8.5']
marca,['diadora']
areatrend catalog,['1682130736']
title,['nike hypervenomx phade iii tf blue size 8']
collection,['doernbecher']
fashion trend,['ankle high fabric trail runner']
sticky note,['6311']
product number,['819474 402']
insole,['ortholite']
colore principale,['nero']
materiale tomaia,['100  pelle']
occasione,['casual']
stile,['scarpe da ginnastica']
allacciatura,['lacci']
item,['05 755']
adidas originals,['campus']
stock,['20818.02 nlb 1 14 18']
womenus size,['10']
unisexmensizeattribute,['unisex shoes are in men sizes']
option,"['black', ' 2 1 2 inch utility nozzle for wet dry']"
arctic pink sail   leche blue,['rose arctique   voile']
blazer,['ao2368 600']
us shoe size women s,['9']
air jordan,['3 retro tinker nrg']
style no.,['819858 700']
solelenght,['12']
itembrand,['fila']
itemmpn,['original fitness']
colorway,['light carbon iridescent blue green grey silver']
inventory no,['g21']
shack product,['221011181999']
nike,['zoom fly sp']
adidas,['eqt support 93 17 boost']
sizescale,['us size']
women size,['6']
bundle listing,['no']
oakley item number,['13548 6ac']
made in,['taiwan']
type drawstring,['shoelaces']
flats,['sneaker']
yosi samra,['nike']
measurement,['fits one size bigger']
decade,['90 s']
vintage,['retro']
releasedate,['2015 06 25']
id,['1115180911']
style colorway,['916823 001']
subject,['vacuums']
artist,['2 pac']
size shoes us,['9']
colourway,['white white white']
us womens size,['7.5']
jordan,['retro 1 hi og flyknit royal']
country    region of manufacture,['japan']
the dominant color,['gray']
secondary colors,['metallic silver turquoise blue']
part number,['sws005 502 circular white 40 41']
mean colour,['tartan']
height,['2 inches']
name,['hyper rev']
manufacture style,['1231374']
item code,['k87']
collaboration,['de la soul']
pack,['12']
material upper,['canvas']
article modified,['no']
closure type,['lace up']
designer,['fashion']
all item 100  authentic guaranteed,['all sales are final exchange only ']
edition,['black history month']
care instruction,['wipe with damp cloth']
exact material,['68  cotton 23  polyester 8  viscose']
textile   sole,['rubber']
applicable place,['concrete floor']
department name,['adult']
sports type,['adizero']
outsole material,['rubber']
pattern.,['no pattern']
item number,['wan255979']
eur shoe size  men,['40.5']
men women,['men']
us size type,['regular']
clothing type,['jeans']
schuhgr  e,['us9']
modell,['air max 90 hyperfuse premium']
the 10,['air vapormax fk aa3831 002']
us shoe size  mens,['7.5']
features 5,['mesh upper offers temperature control and flexibility during y...']
features 2,['thick handle cartoon engraving']
features 4,['high abrasion rubber outsole resists damage and brings superio...']
features 3,"['luxury retro style', ' great gift for home office']"
listed by,['cs']
womenshoe size,['8']
modified article,['nein']
product series,['originals']
item type keywords,['athletic boating shoes']
code,['srmsw']
store use,['h2 2']
globalstatus,['globalstatus']
u.k. size,['10']
producttypename,['kitchen']
packagequantity,['1']
studio,['reebok footwear']
shoe name,['duramo 9']
weight  with packaging,['0.7']
the dominant pattern,['without pattern']
mpc,['g59243']
league,['wwf']
ebay category id,['15709']
ebay category suggestion,['home   garden   bedding   sheets   pillowcases  20460 ']
eur,['47.5']
insole material,['latex']
manufacture style name,['nico']
manufacture style number,['474132 060']
air max 95,['at2865 002']
sizes,['11.02  3.54  4.33 inchesw']
9m  womens,['10.5m']
players  collections,['neymar']
manufacturer part number,['s1200']
fr size,['34']
lebron xvi sb,['cd2451 000']
white   varsity red,['blanc   varsity rouge']
inventory status,['uc']
loc,['bin4']
np,['o']
womensize   us,['11.5']
gucci size,['10.5']
nike item number,['512033 408']
asin,['m7jffz2d53']
item weight,['2.4 pounds']
2,['1 holder and 6 spoons']
stil,['sneaker']
farbe,['blau']
pants style,['skinny   slim']
model features,['atlanta city pride']
xwide,['extra wide']
depth,['330 mm']
styles,['charm']
genre,['soundtracks']
itempartnumber,['ct700']
uk size  mens,['11']
function,['stability']
upper height,['low']
fit,['straight']
for distance,['super marathon  100km ']
stock   cruise,['120840.02   nlb    8 26 2018']
trim,['white']
assembled product dimensionsxx,['12.6012.602.60 inches']
color name,['black']
feature1,['fruit pick']
feature4,['adult bed sheet fitted sheet ']
feature3,['dessert forks']
feature2,['fruit vegetable tools']
series,['everyday collection']
adidas colorway,['collegiate navy   white   navy']
performance,['sprint']
spikes type,['cleats']
design,['687977 111']
feature5,['textile lining with padded insole']
leather   outsole,['rubber']
rare,['hard to find']
measurements,['fits one size big']
br,['47']
manufacture date,['06 2017']
pack quantity,['1']
haz mat,['no']
bullet point 1,['cri seal of approval   committed to delivering an exceptional cle']
bullet point 5,['semi pneumatic 10 inch transport wheels for easy stair climbing.']
bullet point 3,"['productivity50 foot cord allows for less downtime and quick', '']"
bullet point 2,['extended life motor   commercial grade performance fromseven a']
bullet point 7,['ergonomic helping hand handle.']
bullet point 4,['easy to maintain   tool free brushroll and belt replacement. dual']
bullet point 6,['high speed roller brush.']
prop 65,['no']
barcode,['624489477575']
stock number,['04 804385.01 04 804385.02']
bed size,['anysize']
room,['bedroom']
threadcount,['250 350']
pillowcase size,['all size available']
thread count,['801 999']
bundle description,['1x flat sheet  1x fitted sheet  4x pillowcases']
manufacture country,['china']
set includes,['duvet cover']
number of items in set,['one piece']
insulation,['not applicable']
care instructions,['machine washable.']
fill material,['100  cotton']
shape,['not specified']
questions,['ask seller']
quality assurance,['100  new and high quality']
gsm  grams per square meter,['over 800']
designer brand,['unbranded']
buyer,['pays no shipping or taxes sales tax']
linens,['can not be returned if removed from package']
package quantity,['1']
drop length,['14 in']
package size,['13   13   4cm   5.12   5.12   1.57in']
unfold size,['45   45cm   17.72   17.72in']
retail,['220']
fabrication,['yarn dyed double faced sateen']
details,['factory faded']
bedsheet dimension,['90x108 inches']
bedsheet size,['8290  inch  210  cm.230  cm.  approx  queen full size ']
sale for,['1 bedsheet   2 pillow covers']
used for,"['bedroom', 'living room', 'hallway']"
pillow size,['17.5 inch27.5 inch']
labels   certifications,['standard 100 by oeko tex']
life stage,['adult']
characters,"['pablo', ' uniqua', ' tyrone']"
care,['tumble dry']
product material,['cotton blend']
pocket depth,"['15   deep pocket ', ' 16  and up  extra deep pocket ']"
feel,['cool   breathable']
weave,['plain weave']
note,['measurements are approximate']
thread count for vizcon,['1200']
commercial use,"['no', ' yes']"
characteristics,"['wide', ' textured', ' non slip handles']"
exact color,['slate']
dimension,['9585  inches   240215 cm approx']
special features,['dual action']
https,['www.ebay.com str goodst4u2011']
handlling time,['up to 2 business days  usually same day ']
country of origin   components,['imported']
applicable regions,['as shown in the picture']
multipack quantity,['1']
producttypesubcategory,['20103700']
publicationdate,['2015 06 28']
number of pieces,"['20', ' 20 29 pieces']"
pattern theme,['solid']
pattern type,['solid']
linen type,['sheet set']
lifestage,['adult']
decor type,['bedroom linen']
color family,['blues']
bedding material,['microfiber']
certifications and listings,['1 ul listed']
bed sheet size,['220235  cm   108 90 inch approx ']
pillow cover size,['2817  inch  71.12 cm.43.18 cm. ']
pillow in set,['2 pillow']
set include,"['1 bed sheet ', ' 5 cushion covers ', ' 2 bolster cover']"
wash care,['not specified']
object type,['does not apply']
pillow case thread count,['100']
dimension   cushion cover,['1616  inch']
unit quantity,['1']
usage,['floor']
bedding pattern,['artisan loft laight dark blue']
satisfaction,['100  guaranteed']
hurry up and order,['limited amount available']
image is for illustration purp,['for quantity please read carefully the description']
quality,['high quality']
we respond to messages in,['less then 6 hours guaranteed']
guarantee,['100  money back']
batteries included,['no']
batteries required,['no']
item package quantity,['one piece']
fabric content,"['99  cotton', ' 1  spandex']"
country of origin   assembly,['imported']
dominant color,['red']
mati re,['m tis']
for use with,['static conductive vacuum units']
itempackagequantity,['1']
target audience,['kids']
no. of items in the set,['3 piece']
dimension  bed sheet,['10686  inch']
dimension  pillow case,['2717  inch']
comforter size,['5247 inch']
fitted sheet size,['5228 inch  with 8']
country of origin,['mx']
men s,['boy']
unit type,['kg']
awesomeness level,['extremely high']
elastic all around,['no']
pocket size,['12']
shelf,['qts0878']
color detail,['slightly lighter blue with distressing']
pocket on fitted sheet,['11 inches']
includes,['strap and clamps']
hem,['2x2 ']
corners,['elastic fitted']
hem color,['white']
fabric,['60  cotton 40  polyester']
custom label,['sam new 980118284 souivo calking']
project craft type,['stamped embroidery']
specification met,['certified frustration free']
size  inches,['19.5 x29.5 ']
package included,['4pcs']
bed sheet size.,['9584  inch   241.3213.36  cm   7.917  ft.']
manufacture,['southshore fine linens']
product width,['9.65 inches']
product weight,['approx. 2000g 70.54oz']
product length,['32 feet']
product height,['48.3 inches']
transparency,['not specified']
thickness,['not specified']
washable,['not specified']
unit of measurement,['case']
easy care,"['wash cold. dry low. no bleach', ' iron', ' or softener']"
line,['select']
dimension   bedsheet,['8555  inch   215140 cm  ']
dimension   pillow cover,['1828  inch  4570 cm  ']
wase care,['hand washable']
pattern   line,['celeste']
item color,['solid grey   gray']
set content,['1 bedsheet and 1 pillow covers']
size of pillow cover,['4060 cms']
size of bedsheet,['140225 cms']
additonal features,['machine washable']
package weight,['25.4 pounds']
size queen,['fitted sheet 60 x80 ']
standard,['20 x26 ']
hotel quality,['yes']
deep pockets,['yes']
,['20 x30  inches']
customer support,['24   7']
cushion cover size,['1616 inches']
regional design,['traditional designs']
washing,['dry clean']
countryof manufacture,['india']
mn,['does not apply']
technique,['frost']
upc sku,['840708120941']
targeted audience,['adult  18 years and up ']
product color,['variation parent']
cpsc choking hazard warnings,['no warning applicable']
item type,['dinner knives']
bed,['pillow cases']
textile wash recommendation,['machine wash']
textile dry recommendation,['tumble dry']
pattern group,['solid']
assortment type,['crossover']
textile 1,['cotton']
textile percentage 1,['100']
item contain,['one single  twin size bed sheet only']
brand color,['white multi color']
dimensions fitted sheet,['78 x80 inch  198cmx203cm']
pillow cover color,['yellow']
dimensions pillow cover,['20 x40 inch  50cmx101cm ']
deep pocket,['14 ']
item offered,['3 piece']
set included,['1 double bed sheet   2 pillow covers']
pillow dimension,['1828 inch  4570 cm  approx']
fitted sheet depth,['14']
secondary color,['navy blue red']
how many pieces,['three aka 3']
ac voltage,['120v']
assembled product weight,['10.5 lb']
approximate measurements,['waist 28 1 2    inner leg length 25 1 2 ']
package contents,['14 pc accessory set']
dimension  pillow cover,['1828  inch']
dimension  bedsheet,['90108  inches   225275 cm  ']
payment,['paypal']
gsm,['90']
4 piece king fitted sheet set includes,['flat sheet']
stain resistant,['with treatment']
hypoallergenic,['yes']
machine washable,['yes']
wrinkle resistant,['yes']
package include,['8pcs set']
comforter measures,['4257 inch']
warning,"['this product contains chemicals known to the state of california to cause cancer and birth defects or other reproductive harm. the wording can be changed as necessary', ' so long as it communicates that the chemical in question is known to the state to cause cancer', ' or birth defects or other reproductive harm']"
signature,['items over  100.00 may require signature confirmation']
maker,['christofle']
item material,['cotton 100.00 ']
included,"['dinner knife', ' dinner spoon', ' dinner fork', ' chopstic']"
warranty,['manufacturer 1 year limited warranty']
platform,['0']
original,['beauty and the beast']
rome,['living room bedroom children home']
envgratis,['envr pido de estados unidos']
norisk guarantee,['enjoy 30 days risk free withfull refund']
best product,['100 percent warranty']
garment care,['machine washable']
type of sheet,['fitted']
to fit,['crib']
count,['12 mini dessert forks']
pattern no,['lace san rooster']
california residents,['for proposition 65 warning.']
shelf id number,['hd 1711']
description,"['no monograms', ' silverplate', ' 1940']"
fitted sheet,['99 cm190 cm  3975  ']
flat sheet,['168 cm244 cm  6696  ']
queen size satin bed sheets dimensions,['100941 inches']
colors on sage green background,"['orange', ' blue', ' tan', ' yellow', ' brown', ' green', ' white']"
item name,['satin silk fitted sheet']
fabric count,['40']
grade,['9.5']
filters,['3 stage']
cord type,['corded']
bagged bagless,['bagless']
power,['30 w']
bag bagless,['bagless']
peak horsepower,['2 hp']
manufacturer warranty,['3 months']
interior hose diameter  in.,['1.25 in']
included accessories,"['crevice tool', 'filter', 'filter bag', 'nozzle']"
hose length  ft.,['4 ft']
floor care features,['wet dry']
filter type,['replaceable']
cord length  ft.,['10']
amperage  amps,['5.5 a']
air volume  cfm,['65']
accessories parts included,"['mounting support', ' hook', ' hose', ' crevice tool', ' 2 in 1 utility nozzle']"
voltage  volts,['120']
vacuum capacity  gallons,['2.5']
product width  in.,['11.2 in']
product weight  lb.,['7.4 lb']
product height  in.,['14.4 in']
product depth  in.,['11.5 in']
battery size,['.built in']
battery power type,['lithium ion']
cordless  corded,['corded']
cordless tool type,['specialty']
motor type,['brush dc motor']
tools product type,['power tool']
variable speed,['no']
batteries,['1 lithium ion batteries required.  included ']
voltage,['12 v']
runtime,['20 min']
charge time,['1 hr']
manufacturerpartnumber,['sl18701p 10a']
assembled product dimensionsxx h,['16.0017.5028.75 inches']
recommended surface,"['multi surface', ' multi surface']"
bagbagless,['bagless']
color category,['blue']
amperage,['8.8 a']
wattage,['106 watts']
motor warranty,['3 years']
manufacturer name,['readivac']
catalognumberlist,['vil 6pc slt q']
date first available,"['november 17', ' 2015']"
cover included,"['nozzle set', ' 16.4ft long power cord', ' stainless steel hepa ...']"
size name,['1  pack ']
cleaning range with tools ft.,['39.5']
assembly required,['no']
input voltage,['3.6 volt']
car vacuum cleaner,['14.53.94.7 inches']
suction,['1800pa']
accessoriesparts included,"['includes 2  to 7  expandable locking vacuum hose', ' cartridge filte']"
safe for use on,"['auto interior', 'bare floor', 'carpet', 'concrete', 'laminate', 'leather', 'stairs', '']"
tank capacity,['62 lt']
smart home compatibility,['amazon alexa']
certification,"['ce   eu', 'ciq']"
smart home protocol,['bluetooth']
installation,['handspike hand held']
cordless,['yes']
surface type,"['carpet', ' hardwood', ' linoleum', ' tile']"
configuration,['core']
category type,['home appliances']
robot weight,['8.5 lbs']
robot dimensions,['35.0 cm9.1 cm']
duster crevice tool,"['yes', ' in the box']"
multiflex under appliance wand,"['yes', ' in the box']"
anti allergen dust brush,"['yes', ' in the box']"
width  inches,['21']
vacuum type,['backpack']
height  inches,['6.3']
length  inches,['27in.']
processing time,['1 3 business days']
power source,['corded electric']
capacity,['0.5 l']
battery,['3.7v 1200mah lithium battery']
run time,['6 20 minutes']
bag without bag,['without bag']
colour main,['black']
pieces included,"['crevice tool', ' extension wand', ' filter', ' hose']"
product size,['small']
energy rating,['with']
name style,['name style']
weight of the product,"['4', '54 g']"
noise,['76db']
time of works,['30 minutes']
dimensions of the product,"['3738', '337', '3 cm']"
special suction nozzle,['flat suction nozzle']
dust storage type,['cyclone dust bucket']
energy efficiency,['a to g']
with bag bagless,['bagless']
hepa filter size,['13.5   10   6cm']
foam   felt filter size,['17   16   4cm']
protocol house connected,"['39', '412', '511 cm']"
dimensions of the package,"['54', '533', '432', '6 cm']"
announcement of set,['no']
filter,['filter hepa washable']
time of charging,['3 h']
amount of pieces,['1']
supply power,['e lectr']
type cable,['with cable']
dirt capture,['bagless']
language,['0']
best for,['all your needs']
cord length,['6 feet']
container capacity,['20.6 oz.']
battery type,['2500mah li ion battery']
surface use,['carpets']
integrated,['tire inflator pump pressure gauge and led light']
vacuum degree,['5000pa.']
input current,['10a 15a']
integrated led,['great helper for dark places cleaning and night cl']
high quality filter,['durable stainless steel hepa filter']
power cord length,['18 ft.']
warranty description,['none']
product dimension,['12.63.74.1 inches']
about us,['12 years ebay sellers']
power type,['cordless electric batteries']
cleaning path size,['12 ']
cleaning path,['12 ']
body material,['plastic']
brushroll shutoff,['yes']
hose length,['10 feet']
nozzle width,['13.5']
interior hose diameter in,['2.5 in']
product height in,['15.88']
product weight lb,['7.4 lb']
product width in,['16.44']
operation style,['hand driven']
brush bristle type,['plastic']
number of attachments,['1']
horsepower  hp,['1200 hp']
hose length ft,['7']
hose diameter in,['1.875']
number of filters,['1']
number of wheels,['2']
product depth in,['17.7 in']
consumption annual,['28 kilowatt hours for year']
tools included,"['crevice tool', ' pet turbo tool', ' pivoting dusting brush']"
clean range,['320 square feet']
rated power,['100w']
work time by full energy,['up to 30 minutes']
extension length,['600 inches']
sound level,['79 db']
dirt capturing method,['wet dry']
decibel,['45db.']
net weight,['18 lb.']
low noise,['75db']
handle material,['stainless steel']
horsepower,['4']
number of handles,['1']
maximum pressure,['48 psi']
machine height,['8.26in']
in the box 4,['docking station']
in the box 3,['crevice tool']
in the box 2,['combination tool']
machine length,['48.97in']
in the box 1,['direct drive cleaner head']
box weight,['14.02lbs']
rated voltage,['12v']
number of batteries required,['1']
detachable battery,['non detachable']
battery life  min,['15 minutes']
stick vacuum type,['2 in 1']
pattern name,['tws169']
battery life  hours,['1 h']
hose diameter  in.,['1.25 in']
attachments included,"['6 ft. flexible hose', ' crevice tool', ' utility nozzle and hepa filter']"
keywords,['eureka  sanitaire  electrolux  vacuum cleaner  vacuums  commercia']
carpet cleaner type,['upright carpet cleaners']
cleaning tank capacity  gallons,['1']
collecting tank capacity  gallons,['1']
brand name,['dyson']
other feature,['warranty']
money back guarantee,['30 days']
perfect for,['daily use  bbq  gathering   parties   camping.']
noise level  db,['1']
cable or cord length,['6 feet']
recommended surface application,['multi surface']
countryregion of manufacture,['mexico']
feature 6,['diy']
feature 4,['multi surface']
feature 3,['massage']
feature 2,['height increasing']
support,['within 24h']
feature 1,['cromargan']
feature 5,['fruit']
hepa filter,['yes']
rotation speed  rpm,['1100']
unit of measure,['ea']
vaccum capacity,['less than 6 gallons']
restocking fee,['no']
baggedbagless,['bagless']
measurement system,['metric']
finish,['glossy bowls with satin handles']
included components,"['shop vac 9021833 hepa tear resistant collection filter bags', '']"
lifein339,['id']
bag  bagless,['bagless']
1.55h,['0.45  ins ']
battery capacity,['1500 mah']
compatible brand,['for irobot']
product group,['flatware silverware set']
car vacuum cleaner type,['wet and dry']
product model,['car vacuum cleaner 12v']
bluetooth compatibility,['no']
charger included,['yes']
air flow  cfm,['95']
sealed pressure  water lift,['32 in.']
hose diameter,['1 1 4 in.']
dust box volume,['330ml']
water tank volume,['150ml']
cleaning time,['40 60min']
charging time  hours,['4 6h']
running noise,['60db']
charging time,['150mins']
working time,['100mins']
energy star,['a']
dimensions  hxwxd,['8.26in9.84in48.97in']
machine width,['9.84in']
hygiene filter,['washable lifetime filters']
filters other,['bagless']
maximum reach,['33.4 ft']
dimensions  inches   hxwxd,['8.26in9.84in48.97in']
cable length,['16ft']
battery type required,['lithium ion']
voice control hub required,['no hub required for voice control']
power options,['battery']
remote access,['remote access']
requires hub,['no hub required']
smart home,['smart home enabled']
works with,"['alexa', ' proprietary app']"
in the box 5,['reach under tool']
cleaner head,['self adjusting cleaner head']
bag capacity dry volume  cu. ft.,['.40 cu ft']
dust collection product type,['dust extractor vacuum']
manufacturer recommended age,['12 months   10 years']
power supply,['dc 12v']
package length,['18.5']
realweight,['3']
item dimension,['80.90.8 inches']
cleaning path width,"['10 inch', 'clean stairs']"
number of speeds,['1']
battery 1 quantity,['1']
product depth,['8.07 inches']
volume,['1 gallon']
battery 1 material,['nickel cadmium']
bagless,['no']
wet   dry surfaces,['no']
steam cleaner,['no']
powered head,['yes']
pets,['no']
hand tool,['yes']
flooring,['multi']
cable lenght,['16.4ft']
12 v,['car socket']
item size,['12.8   2   1.7cm   5.04   0.79   0.67in']
noise rate,['70db']
dust box capacity,['400ml']
charging type,['manual']
clearing area,['150 ']
electric cord,['16 ft  power cord.']
high performance motor,['5000pa power suction.']
high quality hepa filter,['2x reusable hepa filter.']
ideal tool to clean,"['crumbs', ' dog hair', ' sand', ' dust', ' dirt', ' cigarette ash.']"
custom1,['today20']
for,['front sensors   spring']
height adjustment,['manual 6 position']
hood height,['6 ']
light,['yes']
plug,['3 wire']
vacuum bag type,['bagged']
vacuum capacity,['6 1 2 gal.']
vacuum product grouping,['backpack vacuum cleaners']
handle,['matte finish clear plastic']
furniture guard,['non marking wrap around']
sound level dba,['not rated']
attachments,['not included']
amps,['7.5']
air flow,['75 cfm']
vacuum filter,['cartridge']
standards,"['cul', ' us']"
hz,['60']
average brush life,['450 hr.']
dry capacity,['1.5 gal.']
static pressure,['55 ']
tank material,['plastic']
number of motor stages,['1']
drain,['no']
hose dia.,['1 1 4 ']
casters,['no']
remote control,['no']
timing reservation,['yes']
working voltage,['100v 240v ac aluminum battery charger']
bag or bagless,['with bag']
size mm,['119 112 210']
lcd,['no']
cleaning route,['random type']
in the box 7,['mattress tool']
in the box 6,['multi angle brush']
product modle,['stainless steel flatware silverware set']
topic,['handheld vacuums']
power cord,['118inch 300cm']
suit for,"['home', 'office ', 'travel and all vehicles']"
water tank,['150ml']
operation time,['max 105min']
nominal output current,['500ma']
nominal output voltage,['dc9v']
output power,['4.5w']
machine power,['7w']
input frequency,['50 60hz']
dust collection box capacity,['350ml']
capacity of dust container,['0.6l']
working time  standard   advanced,['about 30 nbsp    18 minutes']
input voltage  adapter,['100 240v 50   60hz']
charging voltage,['26v']
version,['retro']
charging current,['500mah']
frequency,['50 hz']
vacuum cleaner type,['upright']
cleans hard to reach places,['yes']
extra side brush,['yes']
limited warranty,"['yes', ' 1 year manufacturer']"
navigates an entire level of your home,['yes']
sensors prevention,"['yes', ' stops from falling down stairs']"
1 dual mode virtual wall barrier,['yes']
1 extra filter,['yes']
2 aa batteries,['yes']
5 times the air power,['fordeeper clean']
bin empty alerts,['yes']
irobot home app,"['yes', ' scedule with app']"
charging station,['yes']
side brush,['double']
warranty   labor,['2 years']
warranty   parts,['2 years']
in the box 8,['accessory tool bag']
strap width  in.,['3']
strap length  in.,['0']
dimensionsxx,['11.009.0043.50 inches']
watts,['1380']
hertz,['60 hertz']
warehouse,['stock in usa']
fast,['two day shipping']
in the box 9,['wand clip']
packing,['one package with one jewelry box']
folding,['no']
charging method,['manual charging   automatic backflush']
vacuum suction value,['400 500pa']
the output voltage,['14.4v']
battery type  included,['nimh batteries']
battery capacity  mah,['1200']
host rated power,['20w']
cleaning mode,"['four', ' random mode strong mode planning mode edge mode']"
materials,"['leather', ' nubuck', ' synthetics']"
panel process,['ordinary injection']
side brush length,['60mm']
walking speed,['16.5 18.5cm sec']
variation specifics,['iron']
commercial or residential certifications,['yes']
battery life,['1 hour and 30 minutes']
include,['storage bag   accessories']
manufacturer number,['not applicable']
filter washable,['yes']
operating mode,['battery operation']
system,['battery']
type bursten dusen,"['polsterduse', 'mobelduse', 'fugenduse']"
dustbin,['bagless']
display technology,['handheld vacuum cleaner']
headroom,['battery sucker without stem']
battery    battery type,['li   ion']
year of manufacture,['1940']
national stock number,['105 105343']
amps required,['21.6 amps']
wattage required,['72 watts per sec']
vacuum attachments,['crevice tool']
total volume,['12.500 ounces']
bag type,['cloth']
assembly details,['no assembly required']
rated speed,['900min']
package weight  approx.,['0.800kg']
battery model,['lithium battery model']
powered by,['2aa batteries  not included ']
gtin,['ep23077us']
hard floor cleaning class,['a']
energy efficiency class,['a']
maximum performance,['500 watt']
model name   indicator,['prestige 2000']
packing dimensions  wxhxd   cm,['31.529.551.5 cm']
filter change indicator,['ja']
radius,['9 m']
sound power level,['77 db']
suction power,['220 watts']
dust container,['bagless']
dust emission class,['a']
dust level indicator,['ja']
filter bag capacity,['4.5 liter']
telescopic tube,['ja']
compatible with,['for irobot roomba 800 series']
total unit operating radius  ft.,['36']
automatic docks and recharges,['yes']
aeroforce 3 stage cleaning system,['yes']
captures 99  of allergens pollen,"['yes', '    particles']"
dual counter rotating,"['yes', ' debris extractors']"
cleans on schedule,['yes']
sweeps along wall edges,"['yes', '    corners']"
cliff detect sensors,"['yes', ' will not fall down stairs']"
optical   acoustic sensors,"['yes', ' detect dirt']"
cleans all floor type,['yes']
expedited,['free shipping']
tank size  gallons,['6']
filtration type,['bag and cartridge']
cache,['cache']
dirt storage,['bagged']
turbo brush,['no']
intimates   sleep size  women,['6696am']
switch style,['toggle switch']
cleaning area,['150 ']
main material,['stainless steel']
proposition 65 warning for california consumers lt br gt  lt br gt warning,['this product contains chemicals known to the state of california to cause cancer and reproductive harm   visit www.p65warnings.ca.gov for more information.']
cleaning areas,"['wooden floor', 'bare floors']"
cleaning width,['9 in.']
dust capacity,['0.6']
productname,['oreck super deluxe handheld vacuum']
self charging,['available']
type of cleaner,['all purpose']
number in pack,['4']
features special,['special hair pets']
radio of action,['11.43 metres']
hp,['1 hp']
item dimensions,['14.5 inches14.5 inches45.8 inches']
productid,['qplkab01e0472ti']
applicable area,['120 square meters']
cable length approx,['240cm']
weigh,['500g']
rated input power,['80w']
signed,['yes']
filtration technology,['hepa']
battery voltage,['14.4v']
volts,['please see the power source voltage compatible']
cord lenght,['18 feet']
number of speed,['3']
voltage of entry ac,['220v   240v']
handaling time,['1 3 business days.']
format,['rugged stainless steel tank']
product quality,['our company gives the best quality you can get.']
power cord length  feet,['50']
primary hose length  feet,['8']
sealed pressure  inches,['85']
built in pump,['no']
built in drain,['yes']
corded cordless,['corded']
weight  lbs.,['17.5']
built in attachment storage,['yes']
transport handle,['yes']
lift out blower,['no']
hose and accessory diameter,['1 1 4 in']
container type,['dust canister']
amperage amps,['0 a']
cord length ft,['10.0']
voltage v,['12v']
voltage volts,['12']
 amp,"['9.2', ' speed']"
dust tank capacity,['1.2l']
kit accessories,['standard']
motor,['12 volt dc.']
secondary hose diameter,['nno secondary hose ']
secondary hose length,['nno secondary hose ']
as legislated for california residents only,['warning cancer and reproductive harm   www.p65warnings.ca.gov']
bundled items,['laptop charger   power cord']
compatible product line,['for irobot roomba 805']
bullet point 8,['top fill design keeps power at maximum.']
peak hp,['3 1 2']
tank size,['2.6 qt.']
noise  db,['65db']
suction  pa,['850pa']
product highlight 2,['machine washable']
model no,['dh5850300']
automatic shut off,['yes']
air volume,['115  cfm ']
dust bin capacity,['0.23l']
hub required,['no hub connection available']
attachment type,['carpet power hed']
additional hose,['without hose']
dirt capt re method,['container  bagless ']
icn,['9970']
cfm,['82']
battery amp hours,['1.3']
sides brush,['2']
clean,"['dishwasher safe', ' suggest clean by handle']"
content,['prestige cleanhome wet and dry vacuum cleaner']
powerful,['suction and blower']
floor usage,"['marble', ' granite', ' tiles ', ' mosaic', ' wood']"
cyclone technology,['dyson cinetic  science']
cod. etco,['e robomop softbase']
for any question,['contact us and we will be happy to help']
assembly,['assembly required']
product features,['rechargeable battery']
output,['dc 5.5v600ma']
running time,['up to 30min max  in standard mode ']
maximum power,['7.2 volt']
cleaning modes,['three']
other features,['power flow']
application,['home hotel restaurant gift']
custom,['mc']
lifestyle,"['for allergy sufferers', ' for pet owners', ' hepa']"
bagless technique,['yes']
filter method,['cyclonic action']
charge time by manufacturer,['3h']
number filter levels,['3']
charging indicator,['yes']
lots,['']
type other,['cylinder']
lister,['rm']
battery cell type,['lithium polymer']
number of tools,['16']
max air flow,['45 cu ft per min']
actual color,['sapphire']
easy to use,['easy to use  ']
outdoor living product type,['pool vacuums']
pool type,"['above ground', 'in ground']"
unspsc,['47121600']
ul safety listing,['yes']
strong vacuum suction value,['900pa']
fan motor speeds,['2']
control type,['switch']
surface types,['any surface']
decibals,['40']
number of attchements,['20']
fit for,['dyson handheld vacuum cleaner']
use time,['about 90 minutes']
packing size,['58.416.214.4 cm']
power   input,['7w 5v']
assembled product dimensions,['11.0010.0043.00 inches']
reusable,['yes']
car vacuum cleaner power cord,['15 ft']
usage type,['dry   wet']
proposition 65 reasons,"['titanium dioxide', ' other chemicals']"
accessory type,['vacuum accessory kit']
brand compatibility,['ryobi']
specifics,['beautiful motif and 3 shade fabric']
vacuum suction,['900 mbar']
product non national,['no']
compatibility house connected,['120']
battery 1 information,['required']
weight  approximate,['2.75 lb']
application usage,['office']
marka,['bez marki']
ground sensor sensing height,['7 10mm']
obstacle distance,['15mm']
climbing angle,['15 ']
ordinary vacuum suction value,['500pa']
jan,['4906030866660']
tracking,['yes']
diameter,['10 ']
boiler capacity,"['0.48 imp. gal  2', '2 lt ']"
steam temperature in the boiler,['329165']
handle lever placement,['top']
interior hose diameter,['1 1 4 inches']
safe packing,['yes']
form,['device tool']
battery charger included,['yes']
receptacle capacity  oz.,['16.23']
auto charging,['yes']
receptacle full indicator,['no']
battery recharge time  hours,['9']
rechargeable storage base,['yes']
series name,['bobi classic']
heat time,['does not apply']
similar to,['nile']
brush speed,['1800 rpm']
cord wrap,['16 foot cord']
efficiency,['hepa']
package,['2pcs']
water capacity   oz.,['48 fl oz  us ']
accessories,"['fork   knife   spoon1', ' box package']"
connector a,['vacuum cleaners   accessories']
connectorb,['vacuum cleaners']
none  1,['1 ']
pack size,['1']
air volume cfm,['80']
straw tube length,['18 cm   7.09 inches']
gray tube section length,['17.5 cm   6.89 inches']
exterior,['smooth']
lift type,['no specific']
electric burst,['yes']
high,['1100 mm']
maximum operating time,['9 min.']
bullet 2,['dishwasher safe']
bullet 4,['dishwasher safe']
bullet 3,['dishwasher safe']
bullet 1,"['cheftable salad fork has sleek', ' modern pattern']"
dimension  inches,['17x 19x 17 d']
dust hose diameter,['2 1 2 in.']
weight  pounds,['26.5']
servicio,['servicio al cliente en espa ol']
power consumption,['60w']
integrated cylinder capacity,['200ml']
customer reviews,['2.9 out of 5 stars']
other part number,['air force master blaster revolution 30  hose']
vacuum capacity gallons,['6']
air watts,['752']
water lift,['78']
power voltage,['600w']
lithium ion battery capacity,['2200mah']
composition,['stainless']
product care,['gently vacuum every 6 months. dry clean only  when required.']
please note,"['one only  new out of packaging', 'part ofduvet cover set']"
fitted sheet pocket depth,['16 inches']
flatx,['245 cm225 cm']
fits mattresses,['up to 15  deep']
store,['a537']
sc,['jl6']
for electrical appliances,['fits us power supply 110v. please contat us for mo']
calking set,"['1 bed sheet', ' 1 fitted sheet', ' 2 pillow cases']"
cabbage rose,['ditsy']
textile material 1,['cotton']
textile bleach use recommendation,['non chlorine bleach when needed']
weave type,['sateen']
number of pieces in set,['3']
decor style,['modern']
well packed,['yes']
fast and free,['yes']
main character,['deadpool']
sell,['8500']
band size,['std case']
cup size,['std case']
handmade,['no']
amount,['1 ea.   one flat sheet']
washing instructions,['machine wash   tumble dry']
special attributes,['array']
fabric care,['hand wash']
full money back guarantee,['included']
floral,['embossed']
flat,['no pockets']
sizename,['king 20 x40  ']
character story theme,['star trek']
style or theme,['shabby chic cottage']
fabric type,['50 50 polyester cotton blend']
mattress depth,['fits up to 17  deep mattresses']
measures,['waist 32  front rise 8.5  inseam 31 ']
color2,['cream snake']
number of lights,['0']
special,['slimming technology']
product sku,['7k0802 wm']
inseam,['31 in']
wash,['light']
rise,['high']
silhouette,['straight']
wash name,['alpha']
treatment,['dark wash']
rise length,['9.5']
waist,['16.5 in']
rise measurement,['8.25']
measurement waist waist,['15 1 2']
measurement all around inside waist,['33 ']
front style,['flat']
belt loops,['yes']
pockets,['11 inches']
measurement top waist middle of crotch,['7 3 4 ']
special feature,['pierced handles']
rise top waist middle of crotch,['8 5 8 ']
objet modified,['not']
waist measurement  in   lying flat,['27 ']
leg opening measurement  in   flat,['8.5 ']
inseam measurement  in,['29']
total length measurement  in,['37.5 ']
rise measurement  in   front,['8 ']
inside leg,['l32']
trouser size,['s xl']
sleeve style,['spaghetti strap']
rrp,['138']
garmen care,['wash inside out in cold water with alike colors']
inseam inch,['26']
inseam cm,['65']
measurements approximately cm,"['waist   36 cm', ' hips   39 cm', ' front rise   22 cm', ' length   106 cm']"
measurements approximately inch,"['waist   14 in', ' hips   15 in', ' front rise   9 in', ' length   39 in']"
leg opening,['12 ']
denim,"['70  cotton', '26  poly 4  spandex']"
denim trends,['distressed']
pocket number   placement,['3 front   2  back']
fly type,['1 button andzipper']
measured size,['33 x28.5 ']
cleaning instructions,['no special cleaning required']
country manufactured,['usa']
measurement rise,['8']
cut or fit on labels,['kasandra']
cut number,['7429']
leg width,['8.5 in']
ca number,['16396']
rn number,['109670']
rise from top of pants to middle crotch,['9 ']
measurement all around inside of waist,['34 1 8 ']
cut,['lm602']
hips,['38 ']
waist measurement,['26']
inseam measurement,['33']
measured inside leg,['32 in.']
measured waist,['30 in.']
additional information,['000of high quality jeans in our ebay shop  ']
additional measurements,['please see full  sellerdescription  below    ']
front rise,['8']
inventory number,['womens pants jeans']
detailed description,['scroll down']
length of pants on outer seam,['41 ']
waist circumference around,['40 ']
bottomssize women,['30']
pocket,['thick stitch embroidered']
bottoms size  womens,['9 10']
store item,['006710 92 cp']
print,['tie dye print']
actual rise,['11']
number,['db2933']
fast fulfillment,['yes']
front closure,['button zipper closure']
measurement laying flat waist waist,['15 15 16 ']
id number,['g8577']
rise top middle of crotch,['10 1 2 ']
tag size,['10']
waist  laying flat,['16 ']
leg opening  laying flat,['8 ']
fly closure,['zipper']
rise measures,['8.25']
waist measures,['19  across lying flat  38  around ']
number   placement of pockets,['2 front   2 faux flap in back']
front,['pleated']
original reproduction,['original']
fabric technology,['stretch']
measured cuff opening,['5.5']
label fit,['skinny ankle']
measured rise,['10.5']
measured inseam,['30']
approx. inseam,['32']
rise 1,['13']
hip,['17']
ca,['37569']
hip measurement,['34']
style 1,['skinny cropped cuff']
total length,['44 ']
rise  in inches,['8.5']
hips  in inches,['37']
waist  in inches,['16']
tct item id,['24364']
actual waist measurement,['30   across topfront   back aligned ']
actual front rise measurement,['9']
actual hip measurement,['36']
actual leg opening measurement,['8']
waist measurements,['32']
levistyle,['535 super skinny']
12 us,['8']
exact length,['33 ']
waist  across front,['15 ']
pants front type,['flat front']
back rise,['14 ']
paige premium denim,['kennedy high rise straight leg stretch jeans']
ankle width,['9 ']
outseam,['check description']
garment type,['jeans']
hip range,['33 35 ']
sized by,['waist size']
j brand,['jeans']
leg style,['straight leg']
tag,['27']
rise in inches,['8']
approximate rise measurement,['9.5 ']
fly,['zipper fly']
material content,"['67  cotton', ' 31  polyester', ' 2  elastane']"
rn,['41381']
material specifics,['63  cotton   34  polyester   3  spandex']
design features,['stretch']
manufactured by,['livingston home']
dark wash straight,['68.00']
hips measured,['41  48  ']
waist measured,['32  36  ']
rise measured,['10 ']
waist  relaxed   pulled tight,['38  45 ']
hips  relaxed   pulled tight,['43  54 ']
jacket length,['regular']
offer,['big discount from retail price big sale  ']
shop,['inrealityla']
zipper length,['4']
color dominant,['blue']
design feature,['5 pockets']
wash instructions,['machine wash']
 heavy,['medium']
waist flat,['27 ']
product feature 3,['fly front zipper and button front closure']
product feature 4,['msrp 110']
product feature 1,['women jeans']
product feature 2,['msrp 110']
listing code,['218']
515,['boot cut']
outside seam,['42  top of waist band to bottom of cuff']
brand 2,['genese']
505,['straight']
mfg shade,['bordeaux']
mfg style,['w1220k520sur']
measure of leg at knee laid flat,['6 1 2 inches']
measure of hem laid flat,['7 1 2  inches']
rise measured top to crotch,['7  inches']
outseam measured from belt top to hem,['39  inches']
measure of thigh laid flat,['9 1 2 inches']
measure of belt waist laid flat,['13 1 2']
actual measurements,['waist  aligned    32   rise   9   hips   37   ']
prop 65 warning,"['this product may containchemical known to the state of california to cause cancer', ' or birth defects or other reproductive harm.']"
rise 9.5,['thigh 22']
hps,['44']
rise height,['7.5']
see item description,['for additional measurements and photos']
rise 9,['thigh 19']
jean rise,['10.5 ']
zipper,['yes']
womencasual,['blue denim']
stretch,['yes']
waist across,['15']
leg opening measurement,['8']
hips measurement,['approximately   19   inches ']
calif. prop 65 warning,"['this product can expose you to chemicals known to the state of california to cause cancer or birth defects or other reproductive harm', ' including trace amounts of styrene at an exposure level below the non significant risk level  nsrl . ']"
material blend,['83  cotton 16 poly 1  spandes']
leg length,['30l']
26 l,['34']
factory distressing,['wiskers']
stretch denim,['fraying at hems']
hudson,['krista super skinny crop mid rise jeans  nwc407zfa']
joes jeans  for womens,['released hem straight ankle jeans  dcarxy5225 ']
rise  inches,['12']
dl1961,['emma metallic front legging skinny jeans']
hudson jeans,['krista ankle super skinny mid rise jeans raw hem']
ag jeans  adriano goldschmied,['the legging ankle super skinny jeans  spd1389 ']
javascript,['']
important,['read  full item description  below for  actual measurements ']
rise 8,['thigh 18']
mid rise,['11 ']
waist to hem,['26 ']
description 1,['womens denim blue jeans']
description 2,['denim blue jeans']
eur size,['44']
thigh,['26 ']
description 3,['womens jeans']
inseam  inches,['28.5 ']
textile care,['machine washable']
for actual measurements,['see full item description area']
exact fabric material,['see photo of fabric content label.']
embellishment,['destroyed jeans']
detail,['united features syndicate inc 1978']
measured hips,['18.75']
id store,['purple b.']
crotch to outseam,['10 in.']
leg ends,['7 in.']
chicosize,['1 short']
across waist,['16.5 inches']
length measurement,['39 inches']
actual waist size,['28']
exact fabric,"['98  cotton', ' 2  spandex']"
tint,['coral blush millennial pink']
rise inches,['13 inches']
actual waist,['30']
actual hips,['38']
actual inseam,['29']
inseam  in inches,['28.75']
size choice,['24 25 26 28 or 29 inch']
rise measurements,['8 ']
outseam  total length,['31.5 ']
bottom leg width,['7 ']
type of lock,"['zipper', ' button']"
dress length,['short']
inseam length,['29.5 inch']
the rise,['10.5 ']
measurement   waist,['32 ']
measurement   rise,['13']
measurement   inseam,['30 ']
x 1,['0619e11']
bottom closure,['button zip fly']
front rise measured from belt to crotch,['9 3 4 inches']
leg at hem measured laid flat,['9 1 8 inches']
leg at knee measured laid flat,['7 1 2 inches']
leg at thigh measured laid flat,['11 inches']
measure of waist at belt laid flat,['15 1 2 inches']
rear rise measured from belt to crotch,['14 1 2 inches']
size men,['6']
size women,['25']
6 us,['2']
10 us,['6']
this product may contain chemicals known to the state of california to cause cancer and birth defects or other reproductive harm.  california law requires this warning to be given to customers in the state of california.   for more information,['www.oehha.ca.gov prop65.html']
rise   inches,['7.5']
waist   inches,['26']
hips   inches,['32']
lola fob,['key chain']
pants,['shapely']
embroidered pockets,['back pockets']
5 pocket,['contour waist band']
control mesh,['nylon spandex']
pant rise,['9 ']
closures,['3 buttons and zipper']
model is wearingsize 3,['distressed']
jean wash,['printed']
pant cut,['skinny leg']
special size,['petite']
neckline,['scoop neck']
pants length,['full length']
pants pattern,['solid']
product id type,['upc']
jeans features,['button fly']
pants features,['zipper closure']
across hips,['18.5 ']
diesel size,['w30 30l']
inventory code,['jn08 15']
waist measurement flat,['17 in']
high rise,['stretch denim']
waist actual,['30 ']
size  womens,['9 10x36']
description of modification,['remake strappoi and application of studs print screen printing  ']
destroyed,['rips']
cleaning,['1. fill 2. wash 3. rinse']
drying,['n a']
actual fabric content,['98  cotton 2  polyurethane']
subtype,['smart robot vacuum']
new,['1000']
model jeans,['pockextell']
ankle,['about 9   across laying flat']
marked size,['30 reg midrise flare reg length']
color  specific,['med blue']
material detail,['100  cotton']
measurement  pants,['35  inseam19  waist across10  rise']
lift tuck technology,['shapes your body']
slims you,['itshapewear built into the denim jean']
not your daughterjeans,['not your daughters jeans']
comfortable travel jeans,['cruise wear']
travel pants,['airplane pants']
actual measurments laying flat,['in inches  ']
inseam  actual,['32 ']
outer length,['40 ']
nwt,['215']
cuff,['8']
jeans rise,['10 ']
po,['313262  shc 02 04 ']
across waist lying flat,['13.5 in.']
high waist,['high waisted']
not your daughterjean,['not your daughters jean']
athleta specific shade,['light indigo wash']
year manufactured,['1941']
unique id,['sg06407']
stye no.,['la 8090']
rise  actual,['8']
waist  actual,['28']
distressed,['black gray']
substyle,['ami mid rise tummy control jeggings']
front rise measurement,['8']
label size,['9']
measurements of item,['listed in item description']
bootcut,['curvy low rise']
notes,['runs 1 us size larger than normal']
waist in inches,['28 ']
colors of items vary,['on every viewing device']
our no.,['100 09']
hips  seam to seam,['17 ']
measurement of rise,['8']
cabi item name,['paradise cropped super skinny jeans']
cabi item number,['227']
measured differently,['label size 8  measured differently size 2 ']
style name number,['02316239go']
front rise measurements,['9']
hip measurements,['34 36']
custom detail,['muse']
storage,['v39']
sizetype,['regular']
hips  laying flat,['18.5 ']
exact rise,['9 ']
waist hip front back rise ins,"['26 ', '32 ', '7 ', '12 ', '32 ']"
box,['42']
pre   post season,['regular season']
bag 1,['id 001116']
zipper fly,['factory destructed places in the denim']
rise  approx flat lay inches,['10.5']
measured,['label size large  measured size 27']
storage code,['b2']
cotton  trim,['feathers']
spandex,['spandex 1 ']
cuff width,['11 ']
deparment,['womens']
 or other reproductive harm. add details about the warning you want to show california buyers. we ll addwarning symbol and the word  warning,"['before the description you enter here', ' and we ll add  for more information go to www.p65warnings.ca.gov  following your description. this prop is stupid.']"
flat lay size,['25x32']
size type child id,['incrdecrseto.11554. st bottoms size  women']
restriction,['i do not sell or ship to kentucky.']
low waist,['flair']
vendor description,['eqt support ultra']
length from waist to hem,['36.25    92.08 cm']
design number,['tgdd1n5252']
pant leg opening,['5 inch']
actual size,['35w32l']
mfg color,['pluto']
measured bottom seam laid flat,['8 ']
inseam in inches,['28 1 2 inches']
brand style,['hailey flare']
knee,['10']
waist  approx flat lay inches,['17']
full length,['39']
original retail,['242']
measured waist inseam,['3031']
special fit notes,['these runlittle big']
rise  back,['15 ']
rise  front,['10.5 ']
county manufactured,['cambodia']
descripiton 1,['womens denim blue jeans']
descripiton 2,['womens pants']
lock type,['faux fly']
22 us,['18']
8 us,['4']
other,['great gently used pre owned condition ']
standard size,['6']
lengthwaistrise,['37.5148 ']
embroidered,['embroidery']
important notice.,['please read item description in itentirety.']
actual measured inseam size,['30.25 ']
actual measured waist size,['37 ']
cuff opening width measurement,['8.75 ']
measured hip size,['44 ']
cut code,['10015407']
style details,['can be worn cuffed or uncuffed']
material per label,['100  cottn']
vintage indicators,"['535 button', ' 17512 label', ' black screenprint tag']"
clothing size,['13']
specialties,['heavy gauge 18 10']
 c,['234']
actual material content,['74  cotton 25  polyester 1  spandex']
inseam actual,['33 ']
material compostion,"['89  cotton', '10  polyester', '1  spandex']"
article num,['lj 03']
measure,['7 5 81 ']
corduroy,['embossed cord']
crop,['8 in']
after market hemn,['yes']
waist measurement  laying flat,['16 ']
rise 8.5,['thigh 21']
cuffs,['8in']
misc,['womens true religion blue jeans']
7  inseam,['34 ']
st,['uo75nm055u 055u']
actual,['33 1 2']
country region of manufacturer,['china']
9  inseam,['29.5 ']
exact waist measurement,['25 ']
 treatment,['distressed']
fit notes,['these run big and fit likesz 28   29']
actual waist measurement around,['34 ']
tag sz vs. actual waist measurement,['these are rarely the same.  see actual measurements below']
leg opening  inches,['9in.']
waist  inches,['19in.']
picture sku,['jjc0442']
number of settings,['does not apply']
surface finish,['frosted']
country region of origin,['vn']
styling,['classic 5 pocket jeans']
item subtype,['sets']
material finish,['stainless steel']
plastic type,['plastic']
production,['spoon fork knife chopsticks kit']
flatware type,['forks']
number of users,['1']
dinnerware type,['dinnerware sets']
metal type,['stainless steel']
4 pcs,['1 person']
piece,['serving fork']
brand line,['supreme cutlery']
hallmark,['s925']
purity,['925 parts of 1000']
years of production,['1982   1995']
metal,['sterling silver']
band material,['stainless steel']
base metal,"['fine silver', ' 925 parts per 1000']"
tools,['spoon']
flatware,['forks']
serial number,['43235 14237']
pruduct type,['flatware silverware']
brandsearchterm,['oneida']
matierial,['silver plate']
backstamp,['18 10 reed   barton heritage mint ltd china']
also known as,['lady jo ann']
style availability,['discontinued pattern']
special interest,['free shipping']
special note,['free shipping']
design motif on handle,['floral     flowers']
style motif,['mid century modern   eames era   retro']
flatware style,['casual']
handle pattern,['ornate']
utensil material,['stainless steel']
stainless steel composition,['18   10']
care   cleaning,"['dishwasher safe', ' rust resistant', ' tarnish safe']"
production circa,['2004 thru 2009']
backside markings,['supreme cutlery stainless japan']
design motif,['scroll edge handle']
handle color,"['iron', ' nickel', ' silver', ' stainless steel']"
great for,['memory foam mattress toppers or mattress pads']
string,['il']
circa,['1987   produced only for one year ']
recommendation,['best for everyday use']
handle motif and style,['embossed flowers and pierced']
fiinish,['satin']
markings,['wm rogers mfg']
dishwasher,['suggest clear by handle for long use life']
quantity ofset,['1 dinner knife  1 fork 1 dinner spoon 1 tea spoon']
blade length,['3 ']
blade material,['stainless steel']
handle shape,['ridged with flair tip']
20 pieces set includes,['8pcs spoon 8pcs fork  4 knife']
handle design,['embossed floral']
vintage stainless flatware,['oneida rogers']
dishwasher safe,['yes']
fruit   vegetable tools type,['fruit fork']
dinner knife,['23.5cm 9.25 ']
dinner fork,['7 5 8']
nominal overall length,['6 in']
salad fork,['dinner fork']
teaspoon,['dinner knife']
back stamp markings,['supreme cutlery by towle   e.p. korea']
pattern style,['coffee bean']
lot of,['40']
polishing process,['mirror polishing finish']
number of items,['4']
country        region of manufacture,['china']
back marking,['international stainless china']
number of parts,['11']
period,['scandinavian modern']
stainless steel grade,['18 0']
package type,['set']
color finish,['red black']
kitchen product type,['serving sets']
pattern production status,['discontinued']
material of the handle,['silver plated']
serving pieces,"['serving spoons', ' meat fork']"
brand.,['n a']
manufacturing date,['1938']
blade,['has serations']
stocked certification,"['ce   eu', 'ciq', 'eec', 'fda', 'lfgb', 'sgs']"
type of set,['utensil']
crafts,['matte']
quantity of pack,['3 spoon   2 fork   2 knife']
knife type,['carving fork']
sold as,['one piece']
chopsticks length,['20 cm']
straw length,['none']
orgin,['italy']
original or reproduction,['original']
can be used as,"['coffee spoon', ' tea spoon', ' ice cream spoon', ' dessert']"
using,"['daily', ' travel', ' camping', ' party', ' holidays', ' birthday']"
track form,['set']
color style,['metallic']
replacement number,['84033']
years manufactured,['discontinued']
towle,['supreme cutlery']
tws202 pattern,['lovely']
vintage nasco stainless,['davao pattern ']
national silver,['nst61 pattern']
gold hue,['regal pattern']
metal purity,['925 parts per 1000']
purification method,['none']
can hold boiling water or not,['applicable']
disposable,['no']
fold,['yes']
bag style,['hobos']
with tableware or not,['no']
with cooler bag or not,['no']
water purification method,['none']
appearance,['kidney shape']
pattern 2,['true rose']
overall length,['7.5 ']
northland oneida,['stainless']
empire cutlery,['stainless']
national intermezzo,['stainless']
lot of 8 salad forks,['oxh71 pattern']
lot of 6 tea spoons,['robins egg blue ']
item description,['hollow table knife']
suitble for,['dish washer and desinfection tableware cabinet']
spoon type,['honey spoons']
use for,"['home', ' kitchen', ' dinner', ' tableware set']"
cutlery,['knives']
quantity unit,['12']
cutlery name,['16pcs stainless steel cutlery set']
spoon,['stainless']
detail4,['professional flatware']
detail3,['kitchen tools']
detail2,['steak knife suit']
detail1,['cutlery set']
24pcs include,"['6 knives', ' 6 forks', ' 6 spoons 6 small spoons']"
set of,['4']
gentle rose,['6 flowers']
pattern design,['textured flower']
set,['flat bedding sheet with two matching pillow covers']
unknown,['rounded point']
pieces,['knife teaspoon salad fork ladle tablespoon pie']
good for,['seafood']
holiday   occasion,['wedding']
alternative uses,['dinner table buffet picnic']
surface treatment,['polished']
quantity per auction,['one  1 ']
pattern status,['discontinued']
type of handle,['brown synthetic']
pattern   glassware,['sturbridge']
date of manufacture,['late 2018']
made in germany,['flatware elegant quality']
happy home germany,['18 10 stainless   gold accent']
bowl finish,['glossy']
pattern texture,['solid']
textile  outsole,['rubber.']
measurements approx. laid flat cm,"['waist   38 ', ' hips   45 ', ' front rise   28 ', ' length   89']"
num ro de pi ce fabricant,['136027 416']
marque,['le coq sportif']
boot type,['ankle']
outer packaging,['on demand']
catalog,['1682119005']
options,['men s']
date,['mid century modern']
jp size,['290']
chn size,['240']
limited edition,['sold out']
uk shoe size men,['uk 9.0']
jp shoe size  men,['jp 27.5cm']
linning,['synthetic   textile']
suggested retail,['130.00']
region or country,['japan']
model year,['1940']
size shoe us,['6']
size shoes cms,['27']
style type,['freedom boot']
supplier reference,['843895 009']
eur shoe size,['43']
black   laser fuchsia   anthracite,['noir   anthracit']
main category,['shoes']
couleur,['noir']
team red   midnight spruce,['equipe rouge   epicea nuit']
air max 97,['at5458 002']
cm shoe size,['31']
column1,['salming race 3 running shoes   ss16   13   blue']
shoe width,['regular']
outside width,['3 7 8 inches']
outside length,['11 1 8 inches']
closure1,['slip on']
trim color,['white']
comes with,['brand tags']
outsole length,['11.25 ']
dress occasion,['casual']
toe style,['round toe']
branding,['polo clarke']
brand type,['premium']
original release date,['2011']
sales are final exchange only  mz501tld,['all items are 100  authentic guaranteed ']
chn,['295']
black   black   metallic gold,['noir   or metallique   blanc   noir']
footbed length  footbed width,['approx. 10   approx. 3 3 8']
toe type,['round toe']
ddl,['c1 30']
us women,['7']
athlete,['scottie pippen']
waterproof,['no']
10m  womens,['11.5m']
11m  womens,['12.5m']
sports,"['badminton', ' running', ' fitness', ' cross training']"
style   model,['302519 131']
style color code,['857063 011']
us shoe size  womens,['10']
cm shoe size  men,['30.5']
golf shoe type,['athletic']
nike colorway,['pinkfire hyper pink metallic silver']
  eur,['44.5 ']
 j,['15']
additional features,['non marking sole']
size chart,['size chart in the description  ']
team colors,['new england patriots']
032019,['49872']
type of flatware,['fork']
package contain,"['6 knives', ' 6 forks', ' 6 table spoons and 6 tea spoons']"
cheese tools type,['cheese board sets']
lot,['5 pieces']
style era,['mid century mod   eames era   retro']
popular assortments,['standard set']
set size,['9 12']
suggested uses,['wedding party holiday dinners']
handle finish,['light satin']
style period,['1960mid century modern   eames era']
stainless steel type,['18 10']
facebook page,['supplies unlimited inc   all one word  ']
design accent,['scrolls and flowers']
oneida,['arbor   american harmony']
inv loc,['f 101']
hood material,['stainless steel']
bottle material,['stainless steel']
package includes,['1x microfiber ball   4 fluff suits']
dimensions  cm,['11']
year of design,['1974']
art,['ao3266 060']
motif,['starburst']
steak knives quantity,['4 pieces']
grapefruit scoop,['quality']
free,['shipping']
lot of 3 dinner knives,['magic rose pattern']
present stainless,['rozalia pattern']
lot of 7 tea spoons,['la femme pattern ']
lot of 6 dinner forks,['salem pattern']
northland,['pacific pattern']
lot of 7 dinner knives,['codie pattern ']
washington forge,['finesse pattern']
solingen,['set of 6']
lot of 6 dinner knives,['hera pattern ']
type 4,['cocktail seafood forks']
type 3,['master butter knife']
lot of 6 soup spoons,['chateau pattern ']
nouvelle pattern,['excellent']
lot of 4 soup spoons,['oxh137 pattern']
spreader   sugar spoon,['shantung pattern']
international silver,['salad fork']
serving spoon,['kitchen spoon']
offer grouped customized,['not']
product stranger,['not']
fisnish,['glossy']
pack of,['5']
length  in.,['9 1 2 ']
accent,['gold']
items,['flatware']
new from box,['7 3 4 ']
paddle wing handle,['betty crocker']
suitable,['for 4 people']
number of pieces in lot,['4']
voltage requirement,['220 240v 50hz  non usa compliant ']
power requirement,['220 240v ac 50hz']
charger type,['european plug fitted 220v']
lightweight,['yes']
technology,['dmx']
anti falling,['yes']
protection plan,['no coverage']
fits,['bissell']
length of hose,['approx. 100cm 39.37 ']
length of power cord,['approx. 240cm 94.79 ']
high capacity dust box,['allows user to work longer without emptying dust box as often']
led light,['illuminates work area to increase visibility']
inline dedicated design,['engineered to fit in the most confined workspaces']
replaceable certified hepa filter,['filters 99.97  of all particles greater than 0.3 m']
herstellernummer,['nicht zutreffend']
battery power,['22.2 volts']
dust cup capacity,['42 dry quarts']
battery run time  minutes,['10']
cyclonic action,['single']
storage base mounting type,['freestanding']
mopping function,['dry and wet cleaning']
attachment dia.,['9 55 64']
installation method,['self adhesive']
part type,['other']
number of batteries included,['1']
suitable for 1,['roborock s50 s51 vacuum cleaner']
suitable for 2,['xiaomi mi robot vacuum cleaner 2 generation']
container material,['plastic']
maximum volume of the dust container,['0.385 liters']
 birth defects or other reproductive harm. some examples of those chemicals are,"['lead from lead based paints', ' crystalline silica from bricks and cement and other masonry products', ' and arsenic and chromium from chemically treated lumber.  refer to product manual instructions']"
cleaning range,['34 ft']
delivery contents,"['1 battery sucker', '1 charging station', 'user guide']"
mode,['battery power']
retired target.com   web only,['ecom']
product informaiton,['new product and best quality']
abpa partslink number,['hotor168']
bulb type,['led']
mirror adjustment,['manual']
ideal for,['drinking yerba mate or tea']
specification,['350ml']
package qty.,['1x 5pk']
delivery time,['1 2 business days']
combination brush for carpet and hard floor,['ja']
cable rewind,['manual']
type brushes   nozzles,"['bu rstenaufsatz', ' fugendu se']"
carpet cleaning class,['c']
number of filter levels,['6']
material dust bag,['5 lagen mikro vlies']
matching dust bag,"['fakir staubbeutel', ' swirl beutel113']"
length of connection cable,['5500 mm']
mass,['5100 g']
 accessories for,['different use']
navigation path,['straight path']
black   metallic gold,['noir   or metallique']
discontinued by manufacturer,['yes']
futter,['echtleder']
obermaterial,['synthetik']
sohle,['gummi']
manufacturers  color,['white   white']
ref,['56015 304']
inspiration,['space jam']
hybrid models,['son of mars']
special size type,['toddler  1 4 years ']
trending,['air jordan 5']
blue dusk   black   anthracite,['crepuscule bleu   anthracit   noir']
athletic shoe type,['running shoes']
release date,['fall2016']
decoration,['lace up']
adidas original,['nmd r1 primekint pk marble']
technologies,"['dri fit', ' non marking']"
colorway 2,['bhm']
black,['stretch']
lining material,['fabric']
inner material,['textile']
exact heel height,['flat']
case color,['black']
sf season,"['spring 2019', 'summer 2019']"
feature6,['durable waffle rubber outsole']
compatible model,['for dyson handheld vacuum cleaner dc 35']
size advice  cont,['we recommend that you buy halfsize bigger than usual uk sizes']
french size,['42']
s.i. number,['14230']
verschluss,['schn rsenkel']
store code,['vr01647']
jp,['305']
fr,['45 1 3']
with,['belt loops']
publication year,['1996']
international availability,['no']
air flow capacity,['75 cubic feet per minute']
1.567h,['0.48  ins ']
duration battery,['100min']
isautographed,['0']
isadultproduct,['0']
ismemorabilia,['0']
noise level,['67db']
filter features,['allergen removal']
edge cleaner included,['no']
color finish family,['stainless']
in the box 10,['mini motorized cleaner head']
working suction,['1200 pa']
cleaning tool type,['steam cleaner']
external testing certification,['ce']
item height,['17cm']
product lot quantity,['1']
tank type,['stainless steel']
maximum suction performance,['7.5 aw']
maximum volume of dust container,['0.5 liters']
battery   battery type,['lithium ion']
load time by manufacturer,['up to 6 hours']
charge indicator,['yes']
product category,['dinner  salad  dessert fork']
rated frequency,['50hz']
range of application,"['wooden floors', ' marble floors']"
contents of the package,"['vac vacuum cleaner', ' brush heads', 'crevice head', 'nozzl']"
dust tank,['500 ml']
water tank capacity,['150ml']
charging time according to manufacturer,['up to 10 hours']
manufacturer article number,['fc6148 01']
control on the handle,['ja']
animal brush,['ja']
accessories in the device,['ja']
apolication,"['cars', ' rvs', ' camping', ' travel and boat']"
by,['solike']
wattage  watts,['1000']
crib type,['standard crib']
bed pillow size,['fits standard and queen sized pillows']
is hypoallergenic,['y']
custom fit,['deep pocket']
type of advertising,['spoons']
date of creation,['2019']
style 2,['ultra skinny']
featuring,['stretch']
measurements approx. laid flat inch,"['waist   15 ', ' hips   18 ', ' front rise   11 ', ' length   35']"
color variation,['colors vary when viewed on different computers']
front rise  nearest half inch,['12']
color map,['yellow']
measurements in listing,['measurements in listing are approximate']
dress shirt size,['8.5us']
inseam style,['short']
thighs,['11  inches across']
embellishments,['floral beading on legs']
full hip,['52 ']
hips  inches,['19in.']
modern fit,['flare']
approximate waist measurements,['39  inches']
approximate hips measurements,['46  inches']
actual garment measurements,['listed under item description']
waist laying flat,['19 ']
joejeans,['blondie step hem mid rise ankle skinny jeans']
style waist,['high waist']
material percentages,['cotton   polyester']
rinse,['faded']
waist measurement laying flat,['13 ']
inseam measurement laying flat,['24 ']
8  inseam,['20 ']
pants bin,['1']
side slit,['1']
time listed,['29 march 2018   ngp']
jeans,['denim jeans']
jeggings,['stretch denim leggings']
rise 10.5,['thigh 20']
p4,['13 jeans']
waist closure,['button   zipper']
stitching,['blue']
ebroidered,['gold embroidered pockets']
back pockets,['button flap']
 jeans,"['american eagle outfitters', ' aeo', ' jeans', 'aeo', ' american eagle jeans']"
7 for all mankind,['a pocket stretch flare jeans  au130y44a ']
waist measured flat,['15.5']
current elliott,['the stiletto skinny ankle crop stretch jeans']
country region of material,['unknown']
description 4,['womens capri']
machine wash,['cold']
jacquard,['69  cotton   29  polyester   2  elastane']
  hips,['40 ']
has stretch,['a little']
sizes available,"['24', ' 25', ' 26 or 27 inch', 'slim', ' skinny']"
waist  while laying flat,['16 ']
cotton blend,['cotton and spandex blend']
front rise  inches,['12in.']
back rise  inches,['18in.']
14 us,['10']
wash color,['light blue   white']
leg opening  cuff  measured,['9 w']
brands,['variety']
size type largest dimension,['small']
rise msmt,['10 in']
rise.,['9 inches']
sale includes,['1  pair of denim jeans']
blue  tag,"['scottsdale wash ', 'medium wash']"
tag reads,['misty sky wash']
item  .,['2485']
item no.,['1335']
bottom leg opening,['18 ']
measured cuff,['7.5']
 cropped,['capri']
length of rise,['8 ']
hips laid flat,['24']
long length,['perfect for boots or heels']
fashionably distressed,['fading and distressing is inherit to the design']
miss me jeans,['logo embroidered pocket']
leather logo on waistband,['wide belt loops']
5 pocket styling,['embellished embroidery detailing']
designed in usa,['made in vietnam']
occassion,['casual']
fiber content,['cotton']
mom,"['retro', 'school', 'classic', 'logo']"
cotton,['98 ']
shell,['cotton']
diane gilman hsn,['49.90 plus  8.00 shipping online tv']
out seam,['38  total length']
outer seam,['40 ']
pant style,['straight']
womenjeans,['buckle bke sabrina']
waist measurement  in inches,['30']
front rise  in inches,['9']
fit type,['skinny']
hip measurement  approx flat lay inches,['17']
outseam  approx flat lay inches,['38']
real waist size,['26 ']
rise size,['12 inches']
c,['1282']
signature bootcut,['color eden']
approximate inseam,['25 inches']
view all photos,['read description for measurements more info']
my stock,['3568 t']
 lying flat,['8.5']
hampton,"['slim leg', ' ankle   cropped length']"
standard 5 pocket jeans,"['rounded front pockets', ' handy coin pocket']"
jegging,['moto']
waist lying flat,['14 1 4 ']
style1,['fashion jeans trouser pants']
advantage,['with  gift box']
silver content,['990']
number of place settings,['4']
 satin larch,['larch satin stainless studio william']
capacity 2,['4']
other uses,['toddler childkidspoon']
average customer review,['4.8 out of 5 stars']
manufactured in,['1958']
design style,['mid century mod   eames era']
oneida country,['china']
knife length,['9 ']
silverware,['location a']
minimalist,['modern']
lot of 7 soup spoons,['astro pattern']
stainless steel,['stainless steel spoon']
adc3 pattern,['excellent ']
eterna,['b1 black handle']
exterior material,['silver']
interior material,['teak wood']
1847 rogers,['garland pattern ']
serving or table spoon,['lucerne']
textura pattern,['lovely']
style motif   shape,['mid century danish modern   eames era']
detail5,['flatware']
cutlery detail2,['talheres']
suitable occasion,"['home', 'restaurant', 'hotel', ' inn']"
cutlery detail1,['tableware flatware set']
cutlery material,['stainless steel']
cutlery detail3,['dinner knives spoon fork set']
 flatware,['individual pieces replacements']
is customized,['yes']
plating,['gold electroplate']
total pieces in set,['20']
items dimensions,['h190    l1450    w1180  inches']
wire gauge  awg,['0  1 0 ']
doll size,['1']
compatible wire gauge  awg,['0  1 0 ']
cutlery products,['individual knives']
kitchen tools   accessories,['carving fork']
new reed   barton lincolnshire flatware,['setof 4 dinner knives']
case   utensils weight,['4.5 lbs']
piece count,['5']
knife weight,['0.2 lbs']
included utensils,"['dinner spoon', ' tea spoon', ' knife', ' fork']"
flatware color,['silver']
case dimensions,['13.49.81.8 inches']
waist measure,['15 1 2   31  waist']
material contents,['cotton blend']
please view all photos.,['read description for measurements more info.']
rise measurement  approx,['10 inches']
other material,['spandex']
waist length,['28']
approximate waist measurement,['34 inches']
waist measured across,['14']
total length waist to cuff,['40.5 inches']
size category,['normalgr  e']
material detail 1,['99  cotton 1  spandex']
stella,['low rise legging']
proverbs 3,['5 6']
recommended that pre owned items be,['washed steamed lint rolled dry cleaned']
ms co,['morning star   co']
size  female,['w28 l32']
actual material,['99  cotton 1  spandex']
waist side to side,['14 1 2']
soft stretch denim,['excellent condition ']
careinstructions,['machine wash']
hemline,['10 ']
custom sku,['b014bpflk8']
lined,['no']
department store,['120.00']
waist measurement laying flat  inches,['15']
inseam measurment  inches,['32']
front rise measurement  inches,['10 1 2']
hips laying flat please double  inches,['18']
environment,['smoke free']
waist measurements flat,['16 in']
harmonized system code,['63090000']
card number,['66']
iitem number,['dwtktkmtmrtsc15']
the premium denim,['laurel canyon']
vintage 90mom jeans,"['90rockband', ' streetwear']"
28,['waist altered to 26 inches']
muse,['boot cut']
midrise,['midrise boyfriend']
ag,['the tristan']
labelsize,['w28 l30']
dark   color,['black']
skinny jeans,['white jeans']
style   cut number,['428993       htx ksg']
hemmed. inseam measures,['28 ']
regular,['regular']
mossy oak,['rock and roll cowgirl']
hoodie,['bootcut']
measurement leg opening,['10']
measurement knee,['8.5']
measurement inseam,['32']
measurement waist,['30']
notable features,['stretch']
inventory bin,['c201702 0100 10']
athleta,['jeans']
length from back waistband to hem,['41 ']
description 6,['jeans']
medium,['me']
 check out our other items.,"['more colors', ' styles', ' brand names are available.']"
labeled size,['29']
estilo,['wb94a22']
exact fabric content,"['98  cotton', ' 2  spandex']"
mother,['high waisted rascal ankle slim straight jeans']
color mapping,['blue']
shelf id,['njps st 443']
scroll down,['see measurements   details']
wash    wear,['normal wash   wear']
ankle opening width,['5.5 in.']
blouse,['bootcut']
reebok,['rock and roll denim']
amber,['high rise boot']
sn,['3225d']
extra feature,"['cliff sensor', ' collide avoidance', ' mop cloth']"
type 1,['kitchen accessories']
suction level,['650pa']
with or without bag,['featuring sack']
insertion bundle,['no']
do you have any questions,['ask the seller']
broomstick material,['abs']
broom head material,['abs']
csa safety listing,['no']
vacuum,['7kpa']
country of origin place of origin,['china']
manufacturers number,['not applicable']
runningtime,['30.0']
maximum volume of dust tank,['0.4 liter']
floor brush material,['abs']
ground brush power,['15w']
type of vacuum,['vacuum suction and blower']
ul listed,['yes']
cleaning efficiency,['96 ']
productreferenceid,['n a']
object,['vintage carving utensils']
number of tines,['three']
blade finish,['glossy']
 republic of,['korea']
oneida wm  a. rogers,['montclair']
glassware category,['colonial mood  fenimore  sea crest']
soup spoon,['oneida ltd usa wm rogers']
patern,['a275470 qvc j']
pre owned,['normal wear']
size  approx,['21 cm']
surface appliance,['metal']
vintage cosmo stainless,['new condition ']
lot of 8 soup spoons,['cbs15 pattern']
gravy ladle,['chateau pattern ']
northland   oneida,['post road pattern ']
winco,['shangarila pattern']
lot of 4 dinner knives,['chatham bead pattern ']
wmf china,['wmf ikone']
z inv,['a13 1']
mid century modern,['retro']
uses,"['home kitchen', ' hotel']"
finsh,['satin']
pure platinum   metallic gold,['platine pur   or metallique']
heelys,['skate shoes']
color number,['07']
size  uk,['5']
size  japan,['23.5 cm']
style color,['865633 614']
year released,['2012']
types,['spoons']
qty,['8 pcs']
new balance,['running shoe']
variant style,['trainers']
ean upc,"['8054932732548', '8054932732555', '8054932732562', '8054932732579', '']"
outer material type,['leather nylon suede']
size map,['9.5']
article number,['ac7366']
fit   runs true,"['smart phone users', ' tap  item description  below.']"
insole length,['12.4   12 13 32     31.5 cm']
country   region of manufacture,['china']
padded,['ja']
rc,['90486161996180033']
european size,['44.5']
uk sizing,['8']
womens us size,['6']
additional colors,['silver    white']
sipped priority mail with tracking,['in hand']
product style,['check solar']
womens size comparison,['10']
mensize,['11.5']
level of practice,['professional']
nike style,['833129 005']
us mens,['10.5']
8m  womens,['9.5m']
gucci stamped size,['15']
line name,['motorsport']
size advice,['adidas are always small fittings.']
women,['8.5']
availability,['discontinued']
uk mensize,['8']
air jordan 1,['852542 801']
toe,['round']
description 5,['vintage jeans']
shoe year,['1980 s']
inseam measured,['30 ']
attire,"['work', ' casual wear']"
short,['28.5']
fashion color,['white frost']
wasit,['28']
hip   inches,['22in.']
measurements    see photos,['yes']
leg open side to side,['6 in.']
cuffed inseam,['26.5    67.3 cm ']
similar to size,['4 misses or 5 juniors']
height range,['average']
petite  plus size,['with label']
bottoms size women,['10']
fabric composition,"['98  cotton', ' 2  spandex']"
company,['new york and company']
leg width at bottom,['6.5in laying flat']
correctupc,['608853925']
date listed,['5 14 19']
32.5   long inseam,['34.5 ']
flare,['11']
 rise,['8']
waist actual size,['32 to34 ']
tredici,['bellingham']
 inseam,['32.5 ']
age range,['adult and kids']
detailed color,['white   red']
mennike shoes,['new with box authentic nike mensneakers']
breast cancer awareness,['noir   punch chaud']
kevin durant,['black   hot punch']
california,"['proposition 65', ' the safe drinking water   toxic enforcement act of 1986', ' protects the states drinking water sources from being contaminatedchemicals known to cause cancer birth defects   requires businesses to inform californians about exposures to such chemicals. the state maintainslist of chemicals known to cause toxicity   in compliance our safety data information can be found on the garmenttags which refers to the composition of fibers. to find out if the fibers listed on the garment tag fall on the prop 65 list']"
sold out,['retails   89.50 style 950178']
fasten,['lace up tie']
level cleaning in soil,['c']
class of residuals of powder,['g']
plug type,['eu']
comfortable,['yes']
durable,['yes']
replacement,['setting']
high quality,['yes']
delivery carriers,"['fedex', ' ups', ' usps', ' dhl.']"
input voltage   frequency,['100 240v ac 50 60hz']
packing weight  wxhxd   cm,['13.81243.5 cm']
flavor,['chocolate chip']
maximum suction power,['14 watt']
manual,['korean']
continuous use,['20 minutes']
item brand,['livingston home']
sizex,['200125 cm 78.749.2 inch']
design name,['new paty skinny']
size king,['fitted sheet 76 x80 ']
package content,['1disposable pillowcase']
shelf 1,['pa 16']
rise measure,['9']
blue,['denim']
anthropologie,['anthropologie']
hand measures,"['waist 30 ', ' front rise 8 ', ' inseam 30.5 ', ' leg open11']"
hips laying flat,['23 ']
length down the side seam,['27 ']
skinny legs,['ankle skinny']
wear with hem down or,['cuff or roll them up']
mobile device,['click on item description for full listing']
re,['skinny']
specialty,['velvet flocked brocade']
exact materials,['78  cotton 20  polyester 2  spandex']
coin pocket,['yes']
waist width  in,['16 in']
length  in,['33 in']
great value,['pillowcase']
length from back of waistband to hem,['41.5 ']
stryling,['classic 5 pocket jeans']
top rated,['ebay seller']
waist inches,['24 ']
re done jeans,['recycled denim']
unit of sale,['lot']
rise 10,['thigh 25']
upper thigh straight across flat  inches,['9 1 2']
at the hips,['18.5   meas. across lying flat ']
vintage type,['true vintage']
zipper front with top button,['stretch with subtle support']
silver jeans,['silver brand']
aka,['place knives']
waist   flat,['15 ']
hip measured,['38 ']
spoons,['astro pattern']
patttern,['whispering sand']
handle markings,['s.s.s. by oneida']
motif   style,['mid century modern']
lengths,['approx 18cm']
serving pieces cont,"['sugar spoon', ' butter knife']"
use 4,['coffee tool']
use 3,['mug spoon']
use 2,"['for cafe', 'for kitchen for office']"
use 1,['coffee tea tools']
using for,"['daily home', ' travel', ' holidays', ' camping', ' as gift']"
strathmore pattern,['excellent ']
country of manufacturer,['japan']
estia,['cascade pattern ']
colonial hall pattern,['excellent ']
lot of 2 serving spoons,['dickens gold pattern']
replacements pattern name,['eld5']
discontinued actual,['1940   1985']
monogram,['e']
replacement silverware dinnerware chef,['heavy duty hard to find fill in pieces']
hersteller,['sodial']
6 dinner knives,['san remo pattern']
flatware color option,['rose gold']
oversized multi colored corn holders,['set of 8']
very high quality,['100  custom made for you']
pattrn,['parliament']
pattern aka,['glissade']
date first listed on amazon,"['october 14', ' 2016']"
rogers gold plate shell,['rogers gold flatware']
gold plated flatware,['gold plated teaspoon']
flatware handle,['18 0 stainless steel']
care and cleaning,['dishwasher safe  do not use lemon or aci']
2 tine forks,['plastic handle']
applicable occasions,"['tabletop', ' kitchen', ' restaurant']"
part,['detail brush']
cookware material,['stainless steel blades']
nominal jaw length,['1 8 in']
shank size,['1 2 ']
good mirror polish,['smooth surface and graceful shape']
manufacture dates,['unknown discontinued']
nominal pipe size  nps,['1 1 4 in']
tank width,['12 in']
bowl,['segmented']
boot cut,['boot cut']
front pockets,['three']
colored,['brown']
waist length hips measurements,['w 243132 ']
lenght,"['16', '3cm']"
base,['with 6 wheels']
filtration,['hepa filtration']
commodity type,['cleaning sweeper robot']
airflow,['15.7667 liters  sec']
fragrance,['fragrance free']
long connection cords,['5000 mm']
motorized brush included,['no']
headlight,['no']
for use on vinyl,['yes']
for use on tile,['yes']
for use on laminate,['yes']
for use on hardwood floors,['yes']
for use on carpet and rugs,['yes']
etl safety listing,['no']
cord length  feet,['16.4']
gehausematerial,['kunststoff']
big sale,['no tax']
postage,['fast and free shipping']
in our store,['you get the best service']
any equations,"['please contact us', ' fast reply']"
input,['5v']
 wrapped in bubble,"['then', ' shipped ingeneric box']"
rogers,['stanley roberts']
versailles pattern,['excellent ']
utensils,['knife']
using season,['whole year']
5 tea spoons,['southgate pattern']
durability,['high durability']
amperage capacity,['10 a']
dustpan material,['plastic']
vacuuming power,['1400 watt']
country of origin   place of origin,['deutschland']
3 vacuums in 1,"['a stick vac', 'hand vac', ' or an extended hand vac']"
attention california residents,['this']
cordless corded,['corded']
contract,['without contract']
air flow cfm,['49']
color  main,['white']
jet of,['water   detergent pretreatment']
refilling,['automatic']
power   wattage,['2300 kw max']
packing size  wxhxd   cm,['39.510.710.2 cm']
speed,['3450 rpm']
d.o.l.,['m3 2019']
recommended use,['casual']
chromium and nickel rating,['18 10']
size in inches,['7 7 8']
actual country of mfg.,['holland']
instructions,['charging use']
movie tv title,['red']
package dimentions,['13.3101.9 inches']
